aggregation_method,correlation,negative_f1,neutral_f1,positive_f1,r_squared,macro_f1
compound_by_article,0.44861045598903937,0.7493796526054591,0.024096385542168676,0.5394736842105262,0.1961836698877847,0.437649907452718
average_sentence,nan,0.6875000000000001,0,0,nan,0.2291666666666667
median_sentence,0.0192580404855646,0.6881324747010119,0.0125,0,0.00014551415306108506,0.2335441582336706
mode_sentence,-0.03392608168441432,0.686292548298068,0,0,0.0010603910768357053,0.22876418276602264
average_paragraph,0.05318412216997892,0.6881324747010119,0,0.010989010989010988,0.003213698958402825,0.2330404952300076
median_paragraph,0.08909351044996558,0.6913123844731976,0.02469135802469136,0.021739130434782608,0.0073805022328090625,0.2459142909775572
mode_paragraph,0.09900306944630216,0.6927374301675977,0.012269938650306749,0.041884816753926704,0.008375646755844224,0.24896406185727707
