aggregation_method,correlation,negative_f1,neutral_f1,positive_f1,r_squared,macro_f1,neutral_lower,neutral_upper
compound_by_article,0.4858190908705944,0.7376830892143807,0.27184466019417475,0.5108695652173914,0.22992766226680025,0.6583063999763972,0.15000000000000102,0.95
average_sentence,0.5250966695176952,0.7463087248322148,0.39,0.4876325088339223,0.28131881234425243,0.7188248560030648,8.881784197001252e-16,0.14999999999999925
median_sentence,0.3591516514671886,0.7261785356068206,0.1116751269035533,0.3418803418803419,0.1337980244187237,0.5255428734722993,8.881784197001252e-16,0.14999999999999925
mode_sentence,0.034183096294583,0.6870370370370371,0.0125,0.031914893617021274,0.0011397933696999324,0.3745146324881411,0.10000000000000098,0.24999999999999933
average_paragraph,0.5248510085117275,0.7490039840637451,0.33232628398791536,0.5523255813953489,0.27689227362251945,0.706426401237926,8.881784197001252e-16,0.14999999999999925
median_paragraph,0.36751385373296885,0.7302275189599134,0.21238938053097345,0.4444444444444444,0.1478733757588736,0.6064189983950087,8.881784197001252e-16,0.1999999999999993
mode_paragraph,0.10910839737552908,0.6917148362235067,0.17307692307692307,0.010989010989010988,0.01135293107005403,0.4557718893100445,0.05000000000000093,0.95
avg_first_last_para,0.18490180281913676,0.5250836120401338,0.32571428571428573,0.37916666666666665,0.03504362837392465,0.5417753227266381,-0.049999999999999156,0.49999999999999956
