aggregation_method,correlation,negative_f1,neutral_f1,positive_f1,r_squared,macro_f1,neutral_lower,neutral_upper
compound_by_article,0.42376619444660474,0.7547169811320754,0.34104046242774566,0,0.1760853139877524,0.3652524811866071,0.9500000000000017,1.0
average_sentence,nan,0.6875000000000001,0,0,nan,0.2291666666666667,0.9500000000000017,1.0
median_sentence,nan,0.6875000000000001,0,0,nan,0.2291666666666667,0.9500000000000017,1.0
mode_sentence,nan,0.6875000000000001,0,0,nan,0.2291666666666667,0.9500000000000017,1.0
average_paragraph,nan,0.6875000000000001,0,0,nan,0.2291666666666667,0.9500000000000017,1.0
median_paragraph,nan,0.6875000000000001,0,0,nan,0.2291666666666667,0.9500000000000017,1.0
mode_paragraph,0.05318412216997892,0.6881324747010119,0,0,0.0032136989584028402,0.22937749156700396,0.9500000000000017,1.0
