aggregation_method,correlation,negative_f1,neutral_f1,positive_f1,r_squared,macro_f1,neutral_lower,neutral_upper
compound_by_article,0.4858190908705944,0.7376830892143807,0.27184466019417475,0.5108695652173914,0.22992766226680025,0.5067991048753157,0.15000000000000102,0.95
average_sentence,0.5349568174145226,0.7463087248322148,0.32558139534883723,0.5545722713864307,0.289775136931698,0.5421541305224943,8.881784197001252e-16,0.0999999999999992
median_sentence,0.35759050509184725,0.7261785356068206,0.047619047619047616,0.4334600760456273,0.13544481072101155,0.40241921975716516,8.881784197001252e-16,0.049999999999999156
mode_sentence,0.034183096294583,0.6870370370370371,0.0125,0.031914893617021274,0.0011397933696999324,0.24381731021801945,0.10000000000000098,0.24999999999999933
average_paragraph,0.5248510085117275,0.7490039840637451,0.33232628398791536,0.5523255813953489,0.27689227362251945,0.5445519498156698,8.881784197001252e-16,0.14999999999999925
median_paragraph,0.36751385373296885,0.7302275189599134,0.21238938053097345,0.4444444444444444,0.1478733757588736,0.4623537813117771,8.881784197001252e-16,0.1999999999999993
mode_paragraph,0.11145076982726938,0.6917148362235067,0.08045977011494253,0.14814814814814817,0.014926845351515953,0.30677425149553245,0.05000000000000093,0.24999999999999933
avg_first_last_para,0.19460403418726238,0.5250836120401338,0.31736526946107785,0.3951612903225807,0.038923086574857504,0.4125367239412641,-0.049999999999999156,0.39999999999999947
