method,correlation,negative_f1,neutral_f1,positive_f1,r_squared,macro_f1,neutral_lower,neutral_upper
gdelt_sent_score,0.4828674653915835,0.7267759562841529,0.33432835820895523,0.5263157894736842,0.2299110484994135,0.5291400346555974,-2.0000000000000284,-0.19999999999996376
