method,correlation,accuracy,negative_f1,neutral_f1,positive_f1,r_squared,macro_f1,neutral_lower,neutral_upper
gdelt_sent_score,0.48280626274876187,0.603641456582633,0.7496790757381259,0.3055555555555556,0.5263157894736842,0.22876611910821665,0.5941547136612455,-1.6000000000000298,-0.19999999999996376
