method,correlation,negative_f1,neutral_f1,positive_f1,r_squared,macro_f1,neutral_lower,neutral_upper
gdelt_sent_score,0.4879695046946317,0.7496790757381259,0.3907455012853471,0.40769230769230763,0.23944475824050865,0.7007158256289727,-1.6000000000000298,1.4000000000000306
