aggregation_method,correlation,negative_f1,neutral_f1,positive_f1,r_squared,macro_f1,neutral_lower,neutral_upper
compound_by_article,0.4729230310933743,0.7091172214182344,0.28923076923076924,0.5097087378640776,0.21440298848103403,0.502685576171027,0.40000000000000124,0.95
average_sentence,0.49996276197251716,0.7490445859872611,0.3433734939759036,0.5209003215434084,0.2552653250416139,0.537772800502191,0.05000000000000093,0.14999999999999925
median_sentence,0.33061392747457385,0.7197580645161291,0.03529411764705882,0.4135338345864662,0.11516788674995725,0.3895286722498847,8.881784197001252e-16,0.049999999999999156
mode_sentence,0.07913821524034151,0.6895273401297497,0.024539877300613498,0.03225806451612903,0.00507929955799684,0.24877509398216405,0.10000000000000098,0.49999999999999956
average_paragraph,0.499453543892103,0.7365591397849462,0.30573248407643305,0.545945945945946,0.24823238563048353,0.5294125232691084,0.05000000000000093,0.14999999999999925
median_paragraph,0.34484211577054574,0.7160220994475138,0.14414414414414417,0.44518272425249167,0.12735088620455234,0.43511632261471656,8.881784197001252e-16,0.1999999999999993
mode_paragraph,0.08752025768255377,0.6840579710144927,0.03529411764705882,0.15246636771300448,0.009158807093347822,0.290606152124852,8.881784197001252e-16,0.2999999999999994
avg_first_last_para,0.14779868057708181,0.5397815912636506,0.30434782608695654,0.3835616438356165,0.021001209206532666,0.40923035372874117,0.05000000000000093,0.49999999999999956
