correlation,negative_f1,neutral_f1,positive_f1,r_squared,macro_f1,neutral_lower,neutral_upper
0.3836320679503958,0.6121164437450826,0.5162755488266465,0.36328125,0.14722078150289772,0.5365346770605055,-0.049999999999999156,0.49999999999999956
