correlation,negative_f1,neutral_f1,positive_f1,r_squared,macro_f1,neutral_lower,neutral_upper
0.3881827433508046,0.615748031496063,0.5196969696969697,0.3657587548638132,0.150143660276407,0.5399317267015418,-0.049999999999999156,0.49999999999999956
