correlation,negative_f1,neutral_f1,positive_f1,r_squared,macro_f1,neutral_lower,neutral_upper
0.3941622321961871,0.6016129032258065,0.503012048192771,0.3880597014925373,0.15682616446617634,0.5190815560610926,-0.049999999999999156,0.49999999999999956
