correlation,negative_f1,neutral_f1,positive_f1,r_squared,macro_f1,neutral_lower,neutral_upper
0.38779295064649716,0.6130811662726557,0.5147615442846328,0.3657587548638132,0.1504290569248519,0.5368310501729167,-0.049999999999999156,0.49999999999999956
